<?xml version="1.0" encoding="UTF-8"?>
<beans xmlns="http://www.springframework.org/schema/beans"
       xmlns:xsi="http://www.w3.org/2001/XMLSchema-instance"
       xmlns:mvc="http://www.springframework.org/schema/mvc"
       xsi:schemaLocation="http://www.springframework.org/schema/beans
       http://www.springframework.org/schema/beans/spring-beans.xsd
       http://www.springframework.org/schema/mvc
       https://www.springframework.org/schema/mvc/spring-mvc.xsd">
    <import resource="applicationContext.xml"/>

    <bean class="org.springframework.web.servlet.view.InternalResourceViewResolver">
        <property name="prefix" value="/pages/"/>
        <property name="suffix" value=".jsp"/>
    </bean>
    <bean id="multipartResolver" class="org.springframework.web.multipart.commons.CommonsMultipartResolver">
        <!-- 设置最大文件大小，单位是字节，默认是 1MB -->
        <property name="maxUploadSize" value="10485760"/> <!-- 10MB -->
        <!-- 设置单个文件的最大大小 -->
        <property name="maxUploadSizePerFile" value="2097152"/> <!-- 2MB -->
        <!-- 设置临时存储文件的位置 -->
        <property name="defaultEncoding" value="UTF-8"/>
        <!-- 是否清除解析后的 multipart request 对象，默认为 true -->
        <property name="resolveLazily" value="false"/>
    </bean>
    <!--  解决跨域问题  -->
<!--    <mvc:interceptors>-->
<!--        &lt;!&ndash; 检验token &ndash;&gt;-->
<!--&lt;!&ndash;        <mvc:interceptor>&ndash;&gt;-->
<!--&lt;!&ndash;            <mvc:mapping path="/**"/>&ndash;&gt;-->
<!--&lt;!&ndash;            &lt;!&ndash;            <mvc:exclude-mapping path="/index/index"/>&ndash;&gt;&ndash;&gt;-->
<!--&lt;!&ndash;            <bean class="com.zhiyi.interceptor.HeaderTokenInterceptor" />&ndash;&gt;-->
<!--&lt;!&ndash;        </mvc:interceptor>&ndash;&gt;-->
<!--    </mvc:interceptors>-->

    <mvc:default-servlet-handler/>
<!--    实体转json-->
    <mvc:annotation-driven/>
</beans>