<?xml version="1.0" encoding="UTF-8" ?>
<!DOCTYPE mapper
        PUBLIC "-//mybatis.org//DTD Mapper 3.0//EN"
        "http://mybatis.org/dtd/mybatis-3-mapper.dtd">

<mapper namespace="com.zhiyi.mapper.PostCommentsMapper">
    <resultMap id="BaseResultMap" type="com.zhiyi.model.entity.PostComments">
        <id column="id" property="id"/>
        <result column="post_id" property="postId"/>
        <result column="user_id" property="userId"/>
        <result column="user_name" property="userName"/>
        <result column="content" property="content"/>
        <result column="created_at" property="createdAt"/>
        <result column="updated_at" property="updatedAt"/>
        <result column="isDelete" property="isDelete"/>
    </resultMap>

    <select id="findAll" resultMap="BaseResultMap">
        SELECT * FROM post_comments WHERE isDelete = 0
    </select>

    <select id="findById" parameterType="long" resultMap="BaseResultMap">
        SELECT * FROM post_comments WHERE id = #{id} AND isDelete = 0
    </select>

    <insert id="insert" parameterType="com.zhiyi.model.entity.PostComments" useGeneratedKeys="true" keyProperty="id">
        INSERT INTO post_comments (post_id, user_id, user_name, content, created_at, updated_at, isDelete)
        VALUES (#{postId}, #{userId}, #{userName}, #{content}, NOW(), NOW(), 0)
    </insert>

    <update id="update" parameterType="com.zhiyi.model.entity.PostComments">
        UPDATE post_comments SET content=#{content}, updated_at=NOW() WHERE id=#{id}
    </update>

    <delete id="deleteById" parameterType="long">
        UPDATE post_comments SET isDelete = 1 WHERE id = #{id}
    </delete>
</mapper>