<?xml version="1.0" encoding="UTF-8" ?>
<!DOCTYPE mapper PUBLIC "-//mybatis.org//DTD Mapper 3.0//EN"
        "http://mybatis.org/dtd/mybatis-3-mapper.dtd">

<mapper namespace="com.zhiyi.mapper.PostMapper">
    <resultMap id="BaseResultMap" type="com.zhiyi.model.entity.Post">
        <id column="id" property="id"/>
        <result column="title" property="title"/>
        <result column="content" property="content"/>
        <result column="tags" property="tags"/>
        <result column="thumbNum" property="thumbNum"/>
        <result column="favourNum" property="favourNum"/>
        <result column="userId" property="userId"/>
        <result column="createTime" property="createTime"/>
        <result column="updateTime" property="updateTime"/>
        <result column="isDelete" property="isDelete"/>
    </resultMap>

    <select id="findAll" resultMap="BaseResultMap">
        SELECT * FROM post WHERE isDelete = 0
    </select>

    <select id="findById" parameterType="long" resultMap="BaseResultMap">
        SELECT * FROM post WHERE id = #{id} AND isDelete = 0
    </select>

    <insert id="insert" useGeneratedKeys="true" keyProperty="id">
        INSERT INTO post (title, content, tags, thumbNum, favourNum, userId, createTime, updateTime, isDelete)
        VALUES (#{title}, #{content}, #{tags}, #{thumbNum}, #{favourNum}, #{userId}, NOW(), NOW(), 0)
    </insert>

    <update id="update">
        UPDATE post SET title=#{title}, content=#{content}, tags=#{tags}, thumbNum=#{thumbNum},
                        favourNum=#{favourNum}, updateTime=NOW() WHERE id=#{id}
    </update>

    <delete id="deleteById" parameterType="long">
        UPDATE post SET isDelete = 1 WHERE id = #{id}
    </delete>
    <select id="findByTitle" parameterType="string" resultType="com.zhiyi.model.entity.Post">
        SELECT * FROM post WHERE title LIKE CONCAT('%', #{title}, '%')
    </select>
</mapper>