<?xml version="1.0" encoding="UTF-8" ?>
<!DOCTYPE mapper PUBLIC "-//mybatis.org//DTD Mapper 3.0//EN"
        "http://mybatis.org/dtd/mybatis-3-mapper.dtd">

<mapper namespace="com.zhiyi.mapper.UnitMapper">
    <resultMap id="BaseResultMap" type="com.zhiyi.model.entity.Unit">
        <id column="id" property="id"/>
        <result column="device_name" property="deviceName"/>
        <result column="model_number" property="modelNumber"/>
        <result column="stock" property="stock"/>
        <result column="packaging" property="packaging"/>
        <result column="description" property="description"/>
        <result column="price" property="price"/>
        <result column="datasheet_url" property="datasheetUrl"/>
    </resultMap>

    <select id="findAll" resultMap="BaseResultMap">
        SELECT * FROM unit
    </select>
    <insert id="saveBatch">
        INSERT INTO unit (device_name, model_number, stock, packaging, description, price, datasheet_url, image_url)
        VALUES
        <foreach collection="units" item="unit" separator=",">
            (#{unit.deviceName}, #{unit.modelNumber}, #{unit.stock}, #{unit.packaging}, #{unit.description},
            #{unit.price}, #{unit.datasheetUrl}, #{unit.imageUrl})
        </foreach>
    </insert>

    <select id="findById" parameterType="int" resultMap="BaseResultMap">
        SELECT * FROM unit WHERE id = #{id}
    </select>

    <insert id="insert" useGeneratedKeys="true" keyProperty="id">
        INSERT INTO unit (device_name, model_number, stock, packaging, description, price, datasheet_url)
        VALUES (#{deviceName}, #{modelNumber}, #{stock}, #{packaging}, #{description}, #{price}, #{datasheetUrl})
    </insert>

    <update id="update">
        UPDATE unit SET device_name=#{deviceName}, model_number=#{modelNumber}, stock=#{stock},
                        packaging=#{packaging}, description=#{description}, price=#{price}, datasheet_url=#{datasheetUrl} WHERE id=#{id}
    </update>

    <delete id="deleteById" parameterType="int">
        DELETE FROM unit WHERE id = #{id}
    </delete>

    <!-- 根据 device_name 搜索相关的元器件 -->
    <select id="findByDeviceName" parameterType="string" resultType="com.zhiyi.model.entity.Unit">
        SELECT *
        FROM unit
        WHERE device_name LIKE CONCAT('%', #{deviceName}, '%')
    </select>

    <select id="selectTopFiveByStockAsc" resultType="com.zhiyi.model.entity.Unit">
        SELECT device_name, stock FROM unit ORDER BY stock ASC LIMIT 5
    </select>

    <select id="countUnits" resultType="int">
        SELECT COUNT(*) FROM unit
    </select>

</mapper>