<?xml version="1.0" encoding="UTF-8" ?>
<!DOCTYPE mapper
        PUBLIC "-//mybatis.org//DTD Mapper 3.0//EN"
        "http://mybatis.org/dtd/mybatis-3-mapper.dtd">

<mapper namespace="com.zhiyi.mapper.UnitInventoryMapper">
    <resultMap id="BaseResultMap" type="com.zhiyi.model.entity.UnitInventory">
        <id column="id" property="id"/>
        <result column="unit_id" property="unitId"/>
        <result column="stock" property="stock"/>
        <result column="last_modified" property="lastModified"/>
        <result column="modifier_id" property="modifierId"/>
        <result column="modifier_name" property="modifierName"/>
        <result column="change_reason" property="changeReason"/>
    </resultMap>

    <select id="findAll" resultMap="BaseResultMap">
        SELECT * FROM unit_inventory
    </select>

    <select id="findById" parameterType="int" resultMap="BaseResultMap">
        SELECT * FROM unit_inventory WHERE id = #{id}
    </select>

    <insert id="insert" parameterType="com.zhiyi.model.entity.UnitInventory" useGeneratedKeys="true" keyProperty="id">
        INSERT INTO unit_inventory (unit_id, stock, last_modified, modifier_id, modifier_name, change_reason)
        VALUES (#{unitId}, #{stock}, NOW(), #{modifierId}, #{modifierName}, #{changeReason})
    </insert>

    <update id="update" parameterType="com.zhiyi.model.entity.UnitInventory">
        UPDATE unit_inventory SET stock=#{stock}, last_modified=NOW(), modifier_id=#{modifierId},
                                  modifier_name=#{modifierName}, change_reason=#{changeReason} WHERE id=#{id}
    </update>

    <delete id="deleteById" parameterType="int">
        DELETE FROM unit_inventory WHERE id = #{id}
    </delete>
</mapper>