<?xml version="1.0" encoding="UTF-8" ?>
<!DOCTYPE mapper
        PUBLIC "-//mybatis.org//DTD Mapper 3.0//EN"
        "http://mybatis.org/dtd/mybatis-3-mapper.dtd">

<mapper namespace="com.zhiyi.mapper.UserMapper">

    <!-- 定义结果映射 -->
    <resultMap id="UserResultMap" type="com.zhiyi.model.entity.User">
        <id property="id" column="id"/>
        <result property="userAccount" column="userAccount"/>
        <result property="userPassword" column="userPassword"/>
        <result property="userName" column="userName"/>
        <result property="userAvatar" column="userAvatar"/>
        <result property="userRole" column="userRole"/>
        <result property="userProfile" column="userProfile"/>
    </resultMap>

    <select id="queryUsersBySql" resultMap="UserResultMap">
        SELECT * FROM user LIMIT #{currIndex}, #{pageSize}
    </select>

    <!-- 查询所有用户 -->
    <select id="selectAllUsers" resultMap="UserResultMap">
        SELECT * FROM user
    </select>

    <!-- 根据账号查询用户 -->
    <select id="selectUserByAccount" parameterType="string" resultMap="UserResultMap">
        SELECT * FROM user WHERE userAccount = #{userAccount}
    </select>

    <!-- 根据ID查询用户 -->
    <select id="selectUserById" parameterType="long" resultMap="UserResultMap">
        SELECT * FROM user WHERE id = #{id}
    </select>

    <!-- 根据账号和密码查询用户 -->
    <select id="selectByAccountAndPassword" parameterType="map" resultMap="UserResultMap">
        SELECT * FROM user WHERE userAccount = #{userAccount} AND userPassword = #{userPassword}
    </select>

    <!-- 插入新用户 -->
    <insert id="insertUser" useGeneratedKeys="true" keyProperty="id">
        INSERT INTO user(userAccount, userPassword, userRole)
        VALUES(#{userAccount}, #{userPassword}, #{userRole})
    </insert>

    <!-- 更新用户信息 -->
    <update id="updateUser" parameterType="com.zhiyi.model.entity.User">
        UPDATE user
        SET userAccount = #{userAccount},
            userPassword = #{userPassword},
            userName = #{userName},
            userAvatar = #{userAvatar},
            userProfile = #{userProfile},
            userRole = #{userRole}
        WHERE id = #{id}
    </update>

    <!-- 删除用户 -->
    <delete id="deleteUserById" parameterType="long">
        DELETE FROM user WHERE id = #{id}
    </delete>

    <select id="selectByUsername" parameterType="String" resultType="com.zhiyi.model.entity.User">
        SELECT * FROM user WHERE user_name = #{userName}
    </select>

    <select id="selectUsersByPageAndName" parameterType="map" resultType="com.zhiyi.model.entity.User">
        SELECT * FROM user
        WHERE 1=1
        <if test="name != null and name != ''">
            AND user_name LIKE CONCAT('%', #{name}, '%')
        </if>
        LIMIT #{offset}, #{limit}
    </select>

</mapper>